VehicleID,Speed,EngineTemperature,FuelLevel,Timestamp
V002,102.22843028108063,88.33984977865106,69.07962511404821,2025-01-01 00:00:00
V004,111.47684962607875,109.39157541786548,79.48299369750421,2025-01-01 01:00:00
V002,114.0756647423947,98.21278566216252,78.96433698542916,2025-01-01 02:00:00
V002,40.82834475786716,97.64196675363401,93.33872869414934,2025-01-01 03:00:00
V004,67.20465787446088,73.07142431941638,71.25990651247852,2025-01-01 04:00:00
V002,116.60563461363456,73.17590706058294,64.21990782682948,2025-01-01 05:00:00
V005,41.1123881125795,91.69232584967727,94.23245237035907,2025-01-01 06:00:00
V002,99.50651711443012,110.09247670970875,71.66367254879205,2025-01-01 07:00:00
V002,119.43817074049376,105.87519801167166,93.81336258346674,2025-01-01 08:00:00
V003,40.010496948830045,119.28341658570983,25.86145816425188,2025-01-01 09:00:00
V005,37.82073028920495,109.68507368671632,97.70610356207544,2025-01-01 10:00:00
V004,102.01231045420568,94.72403902734331,45.564434945897084,2025-01-01 11:00:00
V001,43.97640942326932,98.20249868236638,71.34458626813071,2025-01-01 12:00:00
V001,117.22308011047016,84.26957666878687,43.79290350891949,2025-01-01 13:00:00
V001,56.46426529895331,107.66147744680282,24.653893116644134,2025-01-01 14:00:00
V005,93.0862452804429,93.71719361414073,54.92619258414137,2025-01-01 15:00:00
V002,89.0675916779555,92.90001646743679,63.000125742883405,2025-01-01 16:00:00
V002,111.192897960484,76.01257634461108,45.35836238405786,2025-01-01 17:00:00
V005,51.44651613467721,82.68944152042135,14.436961828532695,2025-01-01 18:00:00
V003,110.29637458643809,86.88309849034053,77.88304401167827,2025-01-01 19:00:00
V001,71.48744289712141,83.73724418593795,28.48734091861448,2025-01-01 20:00:00
V002,49.257728518293106,94.72828872139056,66.74957525332444,2025-01-01 21:00:00
V005,83.71171783342618,70.80708549999206,47.93473070568635,2025-01-01 22:00:00
V002,105.05120820378261,104.98155900771899,74.84932431451728,2025-01-01 23:00:00
V003,112.23988676754315,97.86619279514407,30.893121912595753,2025-01-02 00:00:00
V005,70.51656718652907,92.669969849665,98.35905704608693,2025-01-02 01:00:00
V005,57.6018471697509,84.30235603624563,70.06010949909358,2025-01-02 02:00:00
V003,92.89325124454325,114.56930054310837,98.513518603981,2025-01-02 03:00:00
V003,49.22112808467864,73.36125464739763,76.64841330888859,2025-01-02 04:00:00
V002,117.48711145091264,110.11847870617285,34.92871069012777,2025-01-02 05:00:00
V005,30.984213710300377,77.86030129836126,80.23743342657804,2025-01-02 06:00:00
V004,45.1866579514318,111.59134097699169,73.11461710819421,2025-01-02 07:00:00
V004,41.77148287324405,110.22660063054397,35.28585383922632,2025-01-02 08:00:00
V004,119.67430768811766,82.78350281269165,61.96270399788106,2025-01-02 09:00:00
V002,99.74506336038621,102.45771734648288,96.5270675700405,2025-01-02 10:00:00
V004,75.4026496147211,74.97227194831247,95.9155888119313,2025-01-02 11:00:00
V001,111.23580107467353,80.23756183208977,61.96925904255056,2025-01-02 12:00:00
V004,109.45550557540557,96.00963250670986,30.553859378566894,2025-01-02 13:00:00
V003,115.25901771153717,96.4637166111655,59.800128442429724,2025-01-02 14:00:00
V005,53.58364994769502,100.76833780526259,19.545836074487475,2025-01-02 15:00:00
V002,99.0246965339023,90.9953954544381,85.24994920987454,2025-01-02 16:00:00
V004,94.02198392585579,79.09819217357291,16.838051983335447,2025-01-02 17:00:00
V005,39.927965546530295,119.26237280396113,67.39826717843764,2025-01-02 18:00:00
V005,52.25413359227395,96.24477335440223,75.64598190334853,2025-01-02 19:00:00
V003,69.30691781882685,107.75351355339808,56.54701712168341,2025-01-02 20:00:00
V001,109.4845678555493,91.12162621179674,12.764658010104835,2025-01-02 21:00:00
V004,85.71706321596203,115.72997683895917,54.94366106641712,2025-01-02 22:00:00
V002,84.12040366770603,116.41821156926869,75.51810601079201,2025-01-02 23:00:00
V001,102.63958048990467,78.09224160504566,43.02964016799919,2025-01-03 00:00:00
V001,44.73964195811856,75.01537107077762,15.582391642012109,2025-01-03 01:00:00
V003,104.36208442555666,104.13366806891479,47.52809868433634,2025-01-03 02:00:00
V001,71.62456227404331,84.01723167744913,20.338672178280795,2025-01-03 03:00:00
V002,34.583084551693496,92.43797081526785,87.5491080612168,2025-01-03 04:00:00
V004,69.11988965575121,105.13478145943131,38.277147203936416,2025-01-03 05:00:00
V003,42.799763418681046,113.40223345286518,13.494357377996215,2025-01-03 06:00:00
V001,65.62390226773945,95.00482787316648,43.08481362167539,2025-01-03 07:00:00
V003,105.45284122936869,107.48011571272886,43.83719544854568,2025-01-03 08:00:00
V004,30.147552168303616,83.34110626015146,13.918861835274974,2025-01-03 09:00:00
V003,42.062720596499865,84.52417291884734,11.808426865079687,2025-01-03 10:00:00
V002,42.653166384292135,112.44371582792672,59.73220765880701,2025-01-03 11:00:00
V003,30.50366402409431,79.73764119393363,71.01633389225165,2025-01-03 12:00:00
V001,102.7568879165646,116.45285226691968,73.28358874733325,2025-01-03 13:00:00
V005,118.00017626011407,81.20636379986817,37.37589735217807,2025-01-03 14:00:00
V003,65.13482494275556,117.0263084471209,87.59974584685138,2025-01-03 15:00:00
V002,98.35353940543122,98.37969928960224,43.74986282880476,2025-01-03 16:00:00
V002,47.10934219033419,72.14208243443598,12.49019512937904,2025-01-03 17:00:00
V002,113.0259305212165,106.16106548232149,18.44774317233837,2025-01-03 18:00:00
V005,65.81614769544294,89.33497897597718,81.81842176701619,2025-01-03 19:00:00
V001,99.76790317399664,93.23382678846896,14.819966143258222,2025-01-03 20:00:00
V001,66.96448013708925,74.50126917926326,24.365394374094592,2025-01-03 21:00:00
V001,69.65185380533129,116.81770866384754,72.75870837730024,2025-01-03 22:00:00
V002,101.23689672281365,111.7074678172669,18.05714601748022,2025-01-03 23:00:00
V003,65.16387910689402,110.48048502945423,99.74312888706646,2025-01-04 00:00:00
V002,101.08672322614282,116.34306618774542,36.68311616928463,2025-01-04 01:00:00
V005,108.91837393326615,112.84399185166185,42.09532612214123,2025-01-04 02:00:00
V004,109.43392859814305,78.85743998765815,77.24888362099605,2025-01-04 03:00:00
V002,31.48551946295086,70.35629604399011,50.90885089399123,2025-01-04 04:00:00
V004,112.40679666466397,92.42225770329895,82.34234215157161,2025-01-04 05:00:00
V004,49.19869308368318,108.25540234116005,59.158095352078426,2025-01-04 06:00:00
V003,53.54771199091226,101.49995883226413,29.14008666657506,2025-01-04 07:00:00
V004,97.155809580579,94.1291018985402,30.856869243258974,2025-01-04 08:00:00
V003,119.85520613933755,107.48244366179281,33.453786015424406,2025-01-04 09:00:00
V005,119.40172083052961,83.06157711417713,34.690239877364,2025-01-04 10:00:00
V003,54.259896325495404,95.8973462326013,10.500054072958129,2025-01-04 11:00:00
V004,99.54957983533937,82.06600119270462,78.59827861577593,2025-01-04 12:00:00
V001,32.15040677437452,75.09439358519766,82.21727074573059,2025-01-04 13:00:00
V004,97.18685282614177,117.06878693183685,61.69194512808495,2025-01-04 14:00:00
V004,74.07460385692761,92.38064970687707,63.21699425504881,2025-01-04 15:00:00
V001,92.68531710794005,85.86575567159315,20.612451453982484,2025-01-04 16:00:00
V003,93.19944700219307,80.22294825372576,80.48429684047159,2025-01-04 17:00:00
V001,71.46077616343933,104.24765638100945,67.46056483280032,2025-01-04 18:00:00
V004,91.31373965844216,113.69324089711964,19.201154998384773,2025-01-04 19:00:00
V001,65.94965510228661,119.3183362124499,26.292346620307693,2025-01-04 20:00:00
V005,71.26876569249029,80.3635624397009,75.08820204001685,2025-01-04 21:00:00
V003,86.47052614066479,117.0795136266004,71.7472077165587,2025-01-04 22:00:00
V003,88.6468324986626,114.9956092457947,42.34829823006769,2025-01-04 23:00:00
V005,109.40783204524044,101.45367490170625,77.3877213645188,2025-01-05 00:00:00
V004,114.77836336263861,112.42529981712454,47.477024898589725,2025-01-05 01:00:00
V005,61.80309360129403,80.37660548641813,94.34984723058284,2025-01-05 02:00:00
V005,50.660449897786876,119.06041125872784,85.23574833171284,2025-01-05 03:00:00
V003,62.18985986123448,73.19577099506556,15.641411394970316,2025-01-05 04:00:00
V004,45.69530513819962,86.87418571634198,11.043107204590504,2025-01-05 05:00:00
V004,83.61490118420619,92.57765276622087,85.18735643332687,2025-01-05 06:00:00
V003,83.88850910979116,110.42223265626001,42.745236197381324,2025-01-05 07:00:00
V003,37.11318674176019,99.65268700654944,13.279239906364932,2025-01-05 08:00:00
V002,82.61334139780104,110.69394691010605,29.4931544545658,2025-01-05 09:00:00
V002,93.36347177906131,97.9744519986415,96.0416250772477,2025-01-05 10:00:00
V002,72.58722695347953,75.15440856940694,75.14359419076807,2025-01-05 11:00:00
V005,38.50571601938604,83.19057971253137,82.73283024708657,2025-01-05 12:00:00
V002,94.51303401857163,110.3547161271203,17.87418870180207,2025-01-05 13:00:00
V002,84.36687484297371,110.88137744811773,39.056912961529605,2025-01-05 14:00:00
V004,110.9896749250141,89.85135689683958,29.213458051541185,2025-01-05 15:00:00
V003,84.95087676442084,88.28231703446366,89.83105345271562,2025-01-05 16:00:00
V004,45.93310561237188,97.89789173605665,62.85326468488251,2025-01-05 17:00:00
V005,75.87007345782978,77.57900521131852,37.57497567064506,2025-01-05 18:00:00
V001,62.356767477999085,82.8013257722238,65.36770719715382,2025-01-05 19:00:00
V001,42.49948687469068,108.61753913779671,89.92763247275394,2025-01-05 20:00:00
V004,42.89172136595347,119.10530662235874,76.55861931897104,2025-01-05 21:00:00
V001,43.95114986564822,82.90995666097703,19.58388158519797,2025-01-05 22:00:00
V004,54.2937986259875,100.36142203547385,63.50377376166929,2025-01-05 23:00:00
V002,34.315789463263805,85.52195318708743,16.877348856971718,2025-01-06 00:00:00
V003,117.73374824793522,113.70635904288511,23.8950069327175,2025-01-06 01:00:00
V001,64.92571665062586,96.90888189096862,56.77043560261732,2025-01-06 02:00:00
V005,30.653411147580155,103.6220407176634,83.20957816036208,2025-01-06 03:00:00
V005,61.51955194296996,95.53796138702099,41.38726979537077,2025-01-06 04:00:00
V002,108.82643276771418,77.75311721043711,43.65581850946748,2025-01-06 05:00:00
V002,97.15569820457027,74.53882549770071,17.253603926850523,2025-01-06 06:00:00
V002,119.52406526252145,99.24489673725155,54.03875204949102,2025-01-06 07:00:00
V002,113.26863726561044,79.13633247036724,74.89677572381906,2025-01-06 08:00:00
V004,115.60686259950907,83.93292271329983,49.617920210960676,2025-01-06 09:00:00
V004,101.68939731938173,93.33058960254701,83.96271368158186,2025-01-06 10:00:00
V002,103.0354522655076,90.41970883096789,61.91931347788028,2025-01-06 11:00:00
V002,42.28381574361376,83.51326777267428,58.00729386662684,2025-01-06 12:00:00
V002,88.0143931287579,105.03200242314331,92.12118762819716,2025-01-06 13:00:00
V001,106.98311326199901,78.41068872505348,48.15906263659157,2025-01-06 14:00:00
V002,34.80715433069531,81.3754219593499,35.35334731634181,2025-01-06 15:00:00
V001,53.251072959752776,106.58635565854193,36.06471362073199,2025-01-06 16:00:00
V004,98.44264477942474,70.94715284823864,32.19102063786417,2025-01-06 17:00:00
V002,36.050199249411115,87.27518356821459,51.012435897702325,2025-01-06 18:00:00
V003,51.37299325119153,106.27315781165618,65.8944907634999,2025-01-06 19:00:00
V004,76.47581800449873,107.83615109143287,67.97738637799908,2025-01-06 20:00:00
V004,38.588145250487855,95.65837434383151,49.98542929435741,2025-01-06 21:00:00
V003,59.092583763072525,85.5021971054493,28.48200943574783,2025-01-06 22:00:00
V001,52.12363173725251,106.36759842993929,90.0735218631095,2025-01-06 23:00:00
V004,110.94615518811506,106.22522340170892,56.3855459946925,2025-01-07 00:00:00
V002,75.26118966501295,92.15449734133553,29.214423103286503,2025-01-07 01:00:00
V001,93.49440194669592,83.48891543455068,43.65564700873672,2025-01-07 02:00:00
V004,47.52462632813628,100.27545294407331,27.616243330925798,2025-01-07 03:00:00
V001,57.391088588638766,70.55062854524937,28.847778901493204,2025-01-07 04:00:00
V003,84.30855557155326,74.30279195694264,78.96935315759409,2025-01-07 05:00:00
V002,54.248927973233755,102.63177877269663,92.8999671957809,2025-01-07 06:00:00
V002,97.62694061621659,100.72879946820431,39.60345053910231,2025-01-07 07:00:00
V003,48.10072397119067,111.88697295483428,25.614752689741497,2025-01-07 08:00:00
V002,53.44957648890812,106.33647363019882,24.34433509297775,2025-01-07 09:00:00
V001,42.75612441275197,79.38449331764795,85.84500473755975,2025-01-07 10:00:00
V003,106.01070828143209,94.93906708724364,44.83704109805487,2025-01-07 11:00:00
V003,30.735683972824148,102.69377222797877,11.897220802785732,2025-01-07 12:00:00
V004,37.97096760599769,103.231062705613,93.6668550735606,2025-01-07 13:00:00
V004,32.34554497512747,91.96559496896916,18.28439309859355,2025-01-07 14:00:00
V005,100.79278182895402,112.8645683834177,80.09909213252118,2025-01-07 15:00:00
V005,35.97492312090254,102.31549178976914,79.3729730955599,2025-01-07 16:00:00
V001,100.63773398378711,100.37766321667677,27.029087473933156,2025-01-07 17:00:00
V005,104.89355615730572,112.81396445673889,71.76441801990657,2025-01-07 18:00:00
V005,64.40313692189233,104.57876989262184,81.68102806081156,2025-01-07 19:00:00
V002,49.69402371766779,101.38961609498517,87.36065876766645,2025-01-07 20:00:00
V002,51.77898756953728,73.68823774422755,67.61047663521538,2025-01-07 21:00:00
V001,96.05486670359635,92.9948218562571,11.085733585174001,2025-01-07 22:00:00
V005,116.76383870638698,82.04057589129036,14.415658873893271,2025-01-07 23:00:00
V005,71.76622646562014,118.12478269294998,83.85438169093905,2025-01-08 00:00:00
V001,108.10019265055867,83.77255383365997,97.85573686303941,2025-01-08 01:00:00
V005,45.14087381335342,119.28607245848441,47.26375029148045,2025-01-08 02:00:00
V005,96.98583376422532,79.14571323743073,47.624666822401174,2025-01-08 03:00:00
V001,83.50009829962173,90.04003491464162,45.47058380436252,2025-01-08 04:00:00
V002,57.59943533413163,118.09025996310551,74.94100029881581,2025-01-08 05:00:00
V005,69.5833373241839,78.50521234947755,16.725794119990518,2025-01-08 06:00:00
V004,73.48669937621159,74.80954262555699,11.399728204118059,2025-01-08 07:00:00
V003,87.57154874802046,97.40584098457148,15.186803698521366,2025-01-08 08:00:00
V002,108.36217685807074,117.31037682034331,12.76305164702791,2025-01-08 09:00:00
V003,85.94291990319056,104.70042385386827,10.521539101304384,2025-01-08 10:00:00
V002,31.23898241732066,85.31284033924999,34.20260679950998,2025-01-08 11:00:00
V001,49.715312954343204,104.68018260018641,49.889286776404965,2025-01-08 12:00:00
V004,112.84881313474014,72.19767399245072,98.03163158388764,2025-01-08 13:00:00
V002,63.005617364536775,83.16877686676547,22.40147998417701,2025-01-08 14:00:00
V003,90.92464343601729,98.18304026064551,91.7327269329249,2025-01-08 15:00:00
V003,113.29588794632673,101.67312047867517,89.74338202491272,2025-01-08 16:00:00
V003,89.57299812289921,98.39747411830245,44.011326770440675,2025-01-08 17:00:00
V001,100.60133912327895,107.03297801072496,71.32146658998343,2025-01-08 18:00:00
V003,71.77346798625084,98.83362389820593,85.66164734441442,2025-01-08 19:00:00
V004,70.40415966793893,95.04741636846008,88.36315877508441,2025-01-08 20:00:00
V004,36.42632654035714,97.04345465992138,35.803567562903666,2025-01-08 21:00:00
V001,32.1925887358277,83.38612505290997,16.152659769069274,2025-01-08 22:00:00
V002,113.87413514722815,111.85077982568092,88.91426250470599,2025-01-08 23:00:00
V002,119.55494054950294,119.39758091129102,88.93343262316566,2025-01-09 00:00:00
V004,81.71284015170365,95.18753825009551,67.14388138556224,2025-01-09 01:00:00
V002,93.94052965642862,90.4271300076741,52.90551856783217,2025-01-09 02:00:00
V003,73.21561194853427,70.40189307525709,91.28460135347117,2025-01-09 03:00:00
V004,116.12217570014786,97.39223927221269,74.84154556429012,2025-01-09 04:00:00
V005,100.39487995643918,83.27504278716576,54.891803163896526,2025-01-09 05:00:00
V004,67.8549577758516,105.49195126383981,50.814948326810324,2025-01-09 06:00:00
V004,53.222146689260654,118.05739087485892,62.80748607101307,2025-01-09 07:00:00
V003,119.0959093517791,80.52903437798048,71.18607520641534,2025-01-09 08:00:00
V002,99.20007415125787,106.42553717293829,46.45822102682123,2025-01-09 09:00:00
V005,71.0810616393191,117.82886371151994,49.73534265697091,2025-01-09 10:00:00
V001,87.38829273877074,92.15978113283668,51.994486800661726,2025-01-09 11:00:00
V001,113.79923971980422,85.32115877967873,97.73006784164701,2025-01-09 12:00:00
V003,111.23759514791075,103.71721786189302,69.8331164480774,2025-01-09 13:00:00
V002,64.39836573612834,108.85985993208251,62.285020351576875,2025-01-09 14:00:00
V005,60.113724937163184,111.78982289915821,50.74857078146847,2025-01-09 15:00:00
V002,112.41966405017824,104.28917273333114,43.13478227059048,2025-01-09 16:00:00
V003,109.63652593287759,87.88198343850988,31.64885345385425,2025-01-09 17:00:00
V005,31.85068457173315,92.86600763926526,83.23935380584471,2025-01-09 18:00:00
V005,66.97468713049761,101.75540364620609,33.788464072346926,2025-01-09 19:00:00
V003,90.12710675542084,103.903320179805,16.552970771754758,2025-01-09 20:00:00
V004,114.83760979291706,97.17169587837574,22.336991365993686,2025-01-09 21:00:00
V001,112.80931915887825,80.23240386171118,54.13082273384096,2025-01-09 22:00:00
V005,33.64759823873943,75.1096399317683,34.90125144504869,2025-01-09 23:00:00
V005,113.27306301031534,75.03771648702335,24.145401326096756,2025-01-10 00:00:00
V001,50.21185915320237,105.83228265435544,37.646190536072524,2025-01-10 01:00:00
V004,109.78138151951474,73.73719122622197,22.86403439470132,2025-01-10 02:00:00
V003,94.29819558098751,73.68682782191388,55.072712922638054,2025-01-10 03:00:00
V003,111.21125412856169,103.30369585351367,28.682487319516387,2025-01-10 04:00:00
V004,105.67965586678451,106.04229619301742,79.5880873651723,2025-01-10 05:00:00
V004,50.940006955606364,71.86356546466291,54.875678653520325,2025-01-10 06:00:00
V005,65.06097029205694,76.96128208960123,74.24240770819826,2025-01-10 07:00:00
V003,59.26090380588191,75.25119603939837,18.794095538905417,2025-01-10 08:00:00
V001,64.53355784414288,93.68555662816291,57.498671004999515,2025-01-10 09:00:00
V005,110.26487501441103,86.57209591167617,75.90899062210372,2025-01-10 10:00:00
V001,118.65442802601608,89.01663899343832,71.81261717151054,2025-01-10 11:00:00
V002,36.779973834901654,98.5628385609552,21.182653025294925,2025-01-10 12:00:00
V005,92.18226065245742,102.64323812874764,12.024082754983766,2025-01-10 13:00:00
V001,32.012383843925065,83.26787078781672,44.27978243128875,2025-01-10 14:00:00
V005,62.18823121164413,100.89652059541893,25.40425043329043,2025-01-10 15:00:00
V002,97.47808419926551,77.09898517430645,44.97803140572699,2025-01-10 16:00:00
V001,89.95170221116865,93.51400676657367,19.998814099697434,2025-01-10 17:00:00
V005,73.6864643345848,97.24513412627547,91.21601732553552,2025-01-10 18:00:00
V003,93.7816249337507,85.38043934238539,71.95017013956493,2025-01-10 19:00:00
V003,47.25143542548793,73.90213806226939,60.43358857636398,2025-01-10 20:00:00
V001,101.74547221359067,93.45937110030329,75.14057787790466,2025-01-10 21:00:00
V003,99.42109027390394,80.23419875679618,83.81476968438714,2025-01-10 22:00:00
V003,34.72602895446965,102.34563321846197,73.14132854040946,2025-01-10 23:00:00
V004,40.563564963630995,88.718385851759,77.57662183124557,2025-01-11 00:00:00
V002,64.24472674017986,86.612281538303,66.69956668110048,2025-01-11 01:00:00
V004,48.59842889981688,74.82504133180173,69.29961979693141,2025-01-11 02:00:00
V001,79.03884122691986,75.01287661756407,94.2778374097429,2025-01-11 03:00:00
V001,78.38871280778065,110.56874000276686,86.74607987705019,2025-01-11 04:00:00
V005,112.42512829953581,103.39638755676361,92.80930174862895,2025-01-11 05:00:00
V004,112.8988146345952,89.78138502219765,50.698079515606324,2025-01-11 06:00:00
V003,96.20673224245216,71.44310662633748,74.12975321507909,2025-01-11 07:00:00
V003,52.11135332240958,106.81147715787031,87.78330417684649,2025-01-11 08:00:00
V004,32.715291940386514,114.40623721925328,73.21918889706711,2025-01-11 09:00:00
V001,104.52935506526582,95.35535033198792,63.43179592120269,2025-01-11 10:00:00
V002,42.17401520467487,100.25157359512367,42.75315947760803,2025-01-11 11:00:00
V002,78.75021508189295,83.8721911942583,72.22885440218138,2025-01-11 12:00:00
V005,98.07892300594752,115.67831730040851,97.82510842964422,2025-01-11 13:00:00
V001,40.586599599899145,88.9690727611209,42.53820622191923,2025-01-11 14:00:00
V002,83.87808117332088,78.20235461926184,65.89617949280631,2025-01-11 15:00:00
V004,85.57273749694853,99.74173674980366,48.612006780680495,2025-01-11 16:00:00
V004,88.48101608278938,70.42854181212482,90.73251962794664,2025-01-11 17:00:00
V005,102.68488954569943,87.85086509195875,77.67812347155078,2025-01-11 18:00:00
V003,68.72965511095518,76.14879414946903,26.63788953097234,2025-01-11 19:00:00
V004,31.041688611675276,89.07599294820007,12.74886091014423,2025-01-11 20:00:00
V003,46.23986830698388,90.28432272202677,39.23755808520315,2025-01-11 21:00:00
V004,53.2066104357827,114.08376608073795,27.85088405286071,2025-01-11 22:00:00
V002,117.08422864174577,88.82531757848922,79.61981171573072,2025-01-11 23:00:00
V001,32.32837262429983,106.74915920863216,40.63728483281533,2025-01-12 00:00:00
V004,70.18890471666964,111.38105477393285,80.66021888186309,2025-01-12 01:00:00
V001,99.07571590624686,112.51687245533445,23.319321201750924,2025-01-12 02:00:00
V001,56.71490940656602,70.5293449098671,74.46712223678306,2025-01-12 03:00:00
V002,68.84161855498968,75.01375736953423,82.554833283424,2025-01-12 04:00:00
V004,107.76773591181288,90.08426833238045,86.8109185114837,2025-01-12 05:00:00
V004,36.26367500666455,118.19383857351636,18.876413624910118,2025-01-12 06:00:00
V004,51.46248620793111,107.62639596991109,34.049611794071836,2025-01-12 07:00:00
V001,90.45155506477161,111.39664761861803,68.8048407287409,2025-01-12 08:00:00
V003,118.71026309006383,81.05450144134973,31.799582365751455,2025-01-12 09:00:00
V004,74.67483772167245,90.3694964956847,35.636855720136936,2025-01-12 10:00:00
V003,74.17840690699622,115.1862068517122,98.3699803305075,2025-01-12 11:00:00
V005,92.61994895117024,96.28328278318358,46.030870876974305,2025-01-12 12:00:00
V003,46.463728407468665,104.14300598507937,67.45832250947277,2025-01-12 13:00:00
V004,116.58006447261171,91.62192919517351,61.138742610666554,2025-01-12 14:00:00
V002,78.07969618619242,71.87147432757453,44.31963086868463,2025-01-12 15:00:00
V002,62.13892503936564,77.23925692618184,53.52978323631408,2025-01-12 16:00:00
V001,61.8276272996937,114.17405040372692,31.279383430430222,2025-01-12 17:00:00
V005,61.98118165442254,71.7614396490746,57.35790841748918,2025-01-12 18:00:00
V001,85.51886722460387,110.57183868742717,55.89969511299143,2025-01-12 19:00:00
V001,44.433865980700126,76.05891226553503,82.10552703168345,2025-01-12 20:00:00
V001,119.2695655386186,84.07869815503194,76.85228240045824,2025-01-12 21:00:00
V002,95.20204117361513,101.38025274503482,58.93070874420934,2025-01-12 22:00:00
V004,101.60037639715063,85.73231389238434,28.823547185686184,2025-01-12 23:00:00
V001,38.56215654765188,116.63282741074062,55.34754752918868,2025-01-13 00:00:00
V004,82.55801825207467,111.63923765043312,38.28175702852039,2025-01-13 01:00:00
V003,106.79489486937052,110.45617906183219,15.165884084184604,2025-01-13 02:00:00
V002,114.24885399674034,75.91632056053874,27.79308068238811,2025-01-13 03:00:00
V004,68.81826649283414,80.22559692896797,36.11788305664773,2025-01-13 04:00:00
V002,98.86377684136339,118.71893187011725,90.29788713466556,2025-01-13 05:00:00
V002,32.38041609845295,70.61624852792797,72.72614235991189,2025-01-13 06:00:00
V003,86.86479697960915,95.0490732985104,26.186304873413487,2025-01-13 07:00:00
V001,63.235862061891424,109.41457265432157,28.436908792843003,2025-01-13 08:00:00
V005,54.503515500053766,93.84223247367468,24.79906771738618,2025-01-13 09:00:00
V001,45.314534487355374,74.62690093241027,42.054852140936404,2025-01-13 10:00:00
V004,94.33284821623586,102.18075678189466,10.790434424975672,2025-01-13 11:00:00
V002,113.41236799807503,109.55291168140053,78.72902755957256,2025-01-13 12:00:00
V004,98.94997345858128,93.62442762230116,27.148094536104054,2025-01-13 13:00:00
V004,102.0687660625523,89.10392558703212,21.63552385419116,2025-01-13 14:00:00
V004,52.226206140239995,111.37874683455456,95.20770742101534,2025-01-13 15:00:00
V004,56.3216496558868,114.20137637808345,62.1681510029277,2025-01-13 16:00:00
V004,97.48933422894258,82.54828755532183,39.919578022801154,2025-01-13 17:00:00
V001,60.011404546340145,103.47549704680175,68.16801794346169,2025-01-13 18:00:00
V004,41.743855832911265,102.95442689253167,68.4814691279245,2025-01-13 19:00:00
V002,118.57880998199899,71.07675446052303,74.33926904387953,2025-01-13 20:00:00
V002,115.7920872702522,74.8918543460078,92.12137943655061,2025-01-13 21:00:00
V001,101.95152096057656,79.80790992438713,65.11153622326695,2025-01-13 22:00:00
V003,59.263234186743986,110.43692678583051,61.00354820231622,2025-01-13 23:00:00
V005,111.65264396020814,114.48212885480476,79.02003947446677,2025-01-14 00:00:00
V005,50.479484924423936,119.87946278153171,36.79424583415758,2025-01-14 01:00:00
V002,54.192677029348836,71.59266764189552,18.728919976585107,2025-01-14 02:00:00
V002,57.87743044639677,115.97109080569544,80.08258506679294,2025-01-14 03:00:00
V005,119.86712661260496,71.64661683823324,74.07113273598145,2025-01-14 04:00:00
V004,70.09160135670984,84.6741110217569,26.13869619431968,2025-01-14 05:00:00
V004,32.1901925617913,84.35583200393728,85.94495061113247,2025-01-14 06:00:00
V001,88.96015444437603,102.17787215459003,80.59414647193881,2025-01-14 07:00:00
V001,46.167194235886754,109.67909890163124,50.99780926144447,2025-01-14 08:00:00
V003,62.839200746872365,81.62734040150848,93.52511335709781,2025-01-14 09:00:00
V001,87.55937707519668,94.70862133641388,23.367492063933092,2025-01-14 10:00:00
V001,92.94687417905621,116.18935644477818,28.59431880637662,2025-01-14 11:00:00
V002,119.88368294339246,85.90023004260664,87.65423814325358,2025-01-14 12:00:00
V002,84.42436626975451,72.12000544036665,60.10863264728451,2025-01-14 13:00:00
V001,116.59034780391883,115.98635579203216,28.017209791539877,2025-01-14 14:00:00
V001,96.64112323998737,119.02567515573149,27.95298119151204,2025-01-14 15:00:00
V005,71.80203194229311,111.99742157139902,43.21063050517241,2025-01-14 16:00:00
V004,84.80122108826079,118.80093390916159,99.27776835592854,2025-01-14 17:00:00
V005,49.520415204018576,92.0211365181825,63.01487632714748,2025-01-14 18:00:00
V004,96.78940847184978,101.34149068428108,31.602652303876575,2025-01-14 19:00:00
V005,94.33152565411426,77.74516143223532,65.20313289979882,2025-01-14 20:00:00
V001,76.53321571159397,84.33714581086576,46.71447365209211,2025-01-14 21:00:00
V002,37.00520630278418,96.0350236174396,62.46167217961053,2025-01-14 22:00:00
V004,57.510809026536876,78.05612968816098,71.48203539863803,2025-01-14 23:00:00
V003,87.663034403198,73.48785423481881,34.706158848957486,2025-01-15 00:00:00
V002,45.2821479469289,95.80912359320105,97.2068386454782,2025-01-15 01:00:00
V005,78.92279315202542,94.47559908942338,60.96668562112301,2025-01-15 02:00:00
V003,115.80075910912967,82.70733350155469,39.14124353361999,2025-01-15 03:00:00
V002,62.88587798450543,110.96269412051176,93.59904255810594,2025-01-15 04:00:00
V002,76.59834212514855,116.15331949690218,19.750273240305788,2025-01-15 05:00:00
V003,92.7187531998841,99.58619801683993,23.01616887375731,2025-01-15 06:00:00
V005,119.95537932999882,82.93004390737134,60.1729231842543,2025-01-15 07:00:00
V005,50.24076472837419,101.88578714050529,83.97303077570045,2025-01-15 08:00:00
V003,81.17813025955468,96.32247228062309,32.75159210473997,2025-01-15 09:00:00
V003,75.66358827022623,96.75963511384609,46.96023093779508,2025-01-15 10:00:00
V002,56.986105290686695,97.55684184740443,88.35284763834986,2025-01-15 11:00:00
V003,66.55480670436722,86.4012761064631,50.48195544720279,2025-01-15 12:00:00
V005,85.51408013787287,71.1743032235136,20.909391713767526,2025-01-15 13:00:00
V003,65.72144100687376,80.22016667526806,49.78024905951808,2025-01-15 14:00:00
V001,65.18050877730101,86.225841266531,92.2887400790375,2025-01-15 15:00:00
V002,44.00138547653217,114.44679558417312,89.31727359141999,2025-01-15 16:00:00
V003,45.61465512281536,70.90469473042297,12.438985772479061,2025-01-15 17:00:00
V001,42.64341808828687,81.5259872982582,81.48354306932592,2025-01-15 18:00:00
V003,39.72825216913671,76.44990991609215,22.988841866289874,2025-01-15 19:00:00
V001,51.6874886056907,76.82262955590423,74.04037299309357,2025-01-15 20:00:00
V002,99.45107780097685,116.01509772902766,35.452562021159,2025-01-15 21:00:00
V002,95.0631130745987,104.57443082902472,59.544543722249585,2025-01-15 22:00:00
V001,97.99622034688758,104.7838401530801,47.20010241467952,2025-01-15 23:00:00
V005,109.10543863103936,93.9238986193063,12.878841677952185,2025-01-16 00:00:00
V003,70.80478990700328,70.92135965287449,88.0601298850044,2025-01-16 01:00:00
V001,99.01288341186505,74.71096553883267,37.60789263724156,2025-01-16 02:00:00
V005,89.4930524156902,89.9752178288655,46.74743170471983,2025-01-16 03:00:00
V005,57.06326117639945,70.85672293443871,66.53384961388299,2025-01-16 04:00:00
V001,64.77464628782752,96.95566667869612,78.1671748347449,2025-01-16 05:00:00
V005,47.48972702257956,75.8466622724894,10.281504463349576,2025-01-16 06:00:00
V001,90.12985109002136,84.0431107113165,66.55973798124367,2025-01-16 07:00:00
V003,70.22606970749457,110.5895998455074,84.03370732364006,2025-01-16 08:00:00
V004,38.02242168771301,112.72461423992678,32.48631215608057,2025-01-16 09:00:00
V005,85.93153877895764,93.24233015073057,77.26450497350974,2025-01-16 10:00:00
V003,46.42516705758919,86.22529478062702,98.39014309832146,2025-01-16 11:00:00
V002,70.46832680386704,103.30868221207575,89.91328232101841,2025-01-16 12:00:00
V004,106.4391214346645,88.0837530793795,10.870611842220852,2025-01-16 13:00:00
V004,77.46392131271409,110.61002536367961,53.102332045603646,2025-01-16 14:00:00
V004,35.49612922594379,77.47199466324942,83.21843164313961,2025-01-16 15:00:00
V004,53.09208040132593,79.47840582442119,15.001368070991244,2025-01-16 16:00:00
V004,92.48692399392678,97.94257117236393,24.142872172356707,2025-01-16 17:00:00
V004,108.33829046414563,118.32570818245651,47.186109459158104,2025-01-16 18:00:00
V003,45.94834518778512,88.77419712550204,22.96516419452721,2025-01-16 19:00:00
V004,111.5395444273948,70.88656657553733,21.227488548950934,2025-01-16 20:00:00
V004,77.3812326931027,108.51859104093901,58.936121306568104,2025-01-16 21:00:00
V001,94.2483416338322,92.8621591731803,57.657828783382804,2025-01-16 22:00:00
V004,49.502823892552556,105.41247009613062,47.651154586100105,2025-01-16 23:00:00
V002,95.50329545698074,100.0807587911925,73.26733301014158,2025-01-17 00:00:00
V001,87.55981157548325,102.55696981560995,85.82262571846728,2025-01-17 01:00:00
V001,45.16500244854882,104.66858915806338,52.20319653053103,2025-01-17 02:00:00
V001,93.26653223997505,91.43205541213739,37.89773260472941,2025-01-17 03:00:00
V005,35.85516245265087,78.35454321216133,19.737636722999746,2025-01-17 04:00:00
V003,70.49969271935868,100.19484887553186,48.75527784681651,2025-01-17 05:00:00
V001,31.309496426182974,105.25601003971639,67.80513297493022,2025-01-17 06:00:00
V004,98.91462119192819,77.80947197570221,84.25822105437419,2025-01-17 07:00:00
V004,73.3993753113564,108.74350057582926,29.83469408999752,2025-01-17 08:00:00
V005,84.27263765488453,113.0397640958376,51.19218488757261,2025-01-17 09:00:00
V002,69.60947260543227,109.90575453672592,30.547564090016863,2025-01-17 10:00:00
V005,55.12371440750583,81.77758793296421,49.16500702340552,2025-01-17 11:00:00
V004,78.54202653890923,78.98845917569814,94.58914743196682,2025-01-17 12:00:00
V003,65.73802131754294,107.67528394270397,38.734724826271005,2025-01-17 13:00:00
V003,53.60657314690122,77.74284351894688,94.15536822127862,2025-01-17 14:00:00
V005,116.03231152737462,119.74509440597951,89.54869089159808,2025-01-17 15:00:00
V003,38.00556986114281,71.40187735217773,42.73408039664421,2025-01-17 16:00:00
V003,54.093011836409026,97.88801855806653,12.84903730629678,2025-01-17 17:00:00
V004,54.36751445358519,106.21213424357397,61.20149457972616,2025-01-17 18:00:00
V005,69.8681552000549,116.65830951699247,36.77613317673425,2025-01-17 19:00:00
V003,105.99992523384543,111.5081027695583,67.79126188055265,2025-01-17 20:00:00
V002,102.28373849539175,101.97401515472302,49.411290647394814,2025-01-17 21:00:00
V004,38.47201186182785,87.2172667608192,86.1195463992605,2025-01-17 22:00:00
V005,52.28552032162162,74.01543815263256,18.02622623877982,2025-01-17 23:00:00
V005,114.59359574754646,106.56329254292974,58.11686780978474,2025-01-18 00:00:00
V004,38.05748836141732,73.42155246135476,44.1928090376314,2025-01-18 01:00:00
V004,112.85229696795079,89.49206730079551,95.77593453423381,2025-01-18 02:00:00
V002,68.63680201713228,98.0581801159548,83.7652639771464,2025-01-18 03:00:00
V005,68.51797536945264,81.50548713606209,77.4967929635898,2025-01-18 04:00:00
V003,107.11268480875438,80.06211160686878,78.78547521015928,2025-01-18 05:00:00
V003,108.04025699673818,109.14705098506812,98.90287286379548,2025-01-18 06:00:00
V003,68.02224409274783,71.5266166843417,94.33825019823604,2025-01-18 07:00:00
V002,37.169557061225014,113.60789185994975,15.286997209283246,2025-01-18 08:00:00
V002,77.31025802975503,93.7807055240446,82.03905716908639,2025-01-18 09:00:00
V005,116.50116922179265,115.4501383035258,37.67993158709116,2025-01-18 10:00:00
V005,47.831149407445054,84.06737477971276,41.44261426952322,2025-01-18 11:00:00
V003,61.03533914097116,77.1429165120659,72.33418211789919,2025-01-18 12:00:00
V002,84.15738948799346,76.8205000832742,89.09369000116446,2025-01-18 13:00:00
V004,38.90084321319595,117.42316100764731,90.96998941900782,2025-01-18 14:00:00
V005,104.20123065166754,92.92259992638598,59.655289131095586,2025-01-18 15:00:00
V004,41.49638768376154,96.92601761417353,60.81188130748909,2025-01-18 16:00:00
V002,79.62537493798568,98.60421810736426,38.070357797263284,2025-01-18 17:00:00
V003,81.4008839445367,72.58559139491788,39.11515932218016,2025-01-18 18:00:00
V001,35.34235182174639,118.03506784325532,30.68367594094811,2025-01-18 19:00:00
V002,113.5136972400015,70.21781267081128,55.1441955035292,2025-01-18 20:00:00
V003,46.69222929556895,99.51679509672678,14.10862587028969,2025-01-18 21:00:00
V004,103.78545843791683,116.93971983303396,85.54636572161715,2025-01-18 22:00:00
V003,66.2817779469382,82.00148790177187,37.683869310129,2025-01-18 23:00:00
V002,97.21087885197515,82.60405320186372,75.8699949321824,2025-01-19 00:00:00
V001,37.97800260056694,103.50164104716094,93.42768902869312,2025-01-19 01:00:00
V004,47.647700322096114,79.40278913936992,45.52291625939887,2025-01-19 02:00:00
V003,84.86741756700289,80.45599475061306,14.986411928017127,2025-01-19 03:00:00
V002,85.12236094808588,76.44840923277394,77.27897904399983,2025-01-19 04:00:00
V005,34.22662222609861,75.24039763962621,39.660358074525185,2025-01-19 05:00:00
V002,74.56331218699559,112.56656545223242,51.33957763892508,2025-01-19 06:00:00
V005,77.34472909291873,118.02609313431336,59.439570722012085,2025-01-19 07:00:00
V005,67.52105584955831,81.00708129126767,70.91121246336758,2025-01-19 08:00:00
V004,107.43629179940778,98.52799334990789,48.527403603321325,2025-01-19 09:00:00
V003,95.41954240995454,73.30940842454494,55.96235030855226,2025-01-19 10:00:00
V003,72.88041662574145,117.2570696899495,59.74947480652806,2025-01-19 11:00:00
V003,111.5705852209274,81.36582406098138,46.02509644432493,2025-01-19 12:00:00
V002,117.4748043141046,119.15139174213652,39.55580188066428,2025-01-19 13:00:00
V001,49.39559108117193,80.03206916528386,79.25164892739622,2025-01-19 14:00:00
V004,57.984687128812915,102.86923646040336,57.864991197963484,2025-01-19 15:00:00
V002,116.62897063361972,119.0135038314977,39.605585436975204,2025-01-19 16:00:00
V003,63.121679632821355,88.6216888934681,42.9273305912613,2025-01-19 17:00:00
V005,100.86268140143933,93.90402126995691,15.092243810328192,2025-01-19 18:00:00
V005,67.35016511650602,98.27841558333462,13.010032238731599,2025-01-19 19:00:00
V002,63.23179643136451,118.11252882066603,21.55220192018689,2025-01-19 20:00:00
V003,60.05285558050738,73.08862938868839,13.66023131472716,2025-01-19 21:00:00
V005,66.16199448386027,94.0270190913561,20.39111674029305,2025-01-19 22:00:00
V002,31.2381224887603,71.1689320729765,27.704623874389704,2025-01-19 23:00:00
V005,31.61213262488925,113.4052324031137,48.79243667787967,2025-01-20 00:00:00
V002,104.69988765126135,85.0939843666714,84.85492843795262,2025-01-20 01:00:00
V004,31.170800121727606,90.1644018737,30.31235033758301,2025-01-20 02:00:00
V002,104.44448339422786,116.53389815893755,16.266256457402246,2025-01-20 03:00:00
V003,32.572837280291566,81.01089745905966,17.042961767384913,2025-01-20 04:00:00
V005,80.5647474915149,108.04139932590087,95.10385854782093,2025-01-20 05:00:00
V004,90.75371714988873,101.12434928568307,30.860081119752284,2025-01-20 06:00:00
V005,79.45723392950961,98.38680221102058,15.970203248121425,2025-01-20 07:00:00
V002,93.2016707368702,89.61897318338718,92.33703202046414,2025-01-20 08:00:00
V005,52.81202418766506,77.92708761809999,77.57177643557542,2025-01-20 09:00:00
V003,73.21702486089472,106.46488450110859,35.11751952924798,2025-01-20 10:00:00
V005,88.47895168375035,90.52503139478712,27.410051087953615,2025-01-20 11:00:00
V004,58.16940461163894,118.90005025236789,56.89082009858624,2025-01-20 12:00:00
V004,99.41276489321228,100.58955699856251,57.51250506913937,2025-01-20 13:00:00
V005,41.07459616618776,116.69551852061514,31.26894153194642,2025-01-20 14:00:00
V005,51.2240812014818,106.5215713553024,86.27213681869635,2025-01-20 15:00:00
V004,107.50407592146159,90.32450684245265,75.61368073339864,2025-01-20 16:00:00
V002,52.459765931835165,107.1537771661383,79.36520666796734,2025-01-20 17:00:00
V001,57.152099543934746,76.26965709856529,20.98248889503585,2025-01-20 18:00:00
V003,48.4011296238135,83.53102579047477,66.2142579718361,2025-01-20 19:00:00
V005,38.90648802929124,89.51328691955861,61.031103154824216,2025-01-20 20:00:00
V002,37.2795597382021,85.89871458157342,83.07356589794058,2025-01-20 21:00:00
V002,114.31352204197664,112.16729534828195,34.2297719855801,2025-01-20 22:00:00
V001,45.131164996828325,88.3585370318706,19.03844883173049,2025-01-20 23:00:00
V005,100.58635860831329,97.89617691879542,57.97932871709065,2025-01-21 00:00:00
V003,56.304434127321755,104.23745019719792,35.98866270138156,2025-01-21 01:00:00
V002,41.50363806920483,96.99102524210147,27.792648611671755,2025-01-21 02:00:00
V002,36.21859078803797,95.98967100527462,72.92161060805736,2025-01-21 03:00:00
V001,113.88959822274282,83.90183463843039,19.002306037926452,2025-01-21 04:00:00
V005,119.76261788905418,109.29841808702469,13.991388485008478,2025-01-21 05:00:00
V003,94.64142230800763,94.32815082139233,49.40591574265124,2025-01-21 06:00:00
V002,103.30645122245154,78.45753602262465,58.769579930787884,2025-01-21 07:00:00
V002,114.59228869697556,76.30493295882869,65.01412951348468,2025-01-21 08:00:00
V003,47.770736008298854,98.38915002421422,76.08527571323927,2025-01-21 09:00:00
V002,51.9729075547515,117.8488613638211,86.66549848962832,2025-01-21 10:00:00
V004,100.06601874752349,119.36577776237712,87.33262028173019,2025-01-21 11:00:00
V005,42.148570883118516,71.64896661695329,52.53714065118661,2025-01-21 12:00:00
V002,72.8120899605489,77.58018461074468,54.50710786189745,2025-01-21 13:00:00
V001,53.19733623932575,117.50233583110128,94.70200682569634,2025-01-21 14:00:00
V002,31.85030256102706,110.02779501013148,94.20805774946042,2025-01-21 15:00:00
V001,88.53105930366588,112.52287093322549,19.420164215706663,2025-01-21 16:00:00
V005,118.0103084366833,92.43521702070365,80.94068278199681,2025-01-21 17:00:00
V005,47.5362490849743,99.41767508244538,33.0615853752731,2025-01-21 18:00:00
V002,83.4747863152554,100.26557964926583,55.495254033550104,2025-01-21 19:00:00
V002,84.83436328423525,108.26915144716045,19.26137857106041,2025-01-21 20:00:00
V002,48.2975486746492,70.87385427843081,60.37653320327864,2025-01-21 21:00:00
V005,65.5925395125279,100.35094599017773,43.41908741164744,2025-01-21 22:00:00
V003,46.08092381563459,115.81786669991263,42.230431974873575,2025-01-21 23:00:00
V002,59.41211270260272,107.52211647840375,17.08349427433485,2025-01-22 00:00:00
V001,111.8607839262435,83.91013499903417,97.84796578368693,2025-01-22 01:00:00
V002,112.33109851758677,96.36091505250698,85.72230669819585,2025-01-22 02:00:00
V002,99.38582613642895,72.25444419846791,76.33540130460851,2025-01-22 03:00:00
V004,108.70593758551597,84.20926531016949,45.54375747564215,2025-01-22 04:00:00
V005,53.26360336525557,88.9244771364022,23.54560642728807,2025-01-22 05:00:00
V004,77.81854554791262,84.4980218178829,16.0867123013952,2025-01-22 06:00:00
V005,60.68209798745027,92.30591287851655,57.126646110687155,2025-01-22 07:00:00
V001,95.18523438976362,118.03410008835802,43.745802534831924,2025-01-22 08:00:00
V002,55.27976962570847,80.27712104680882,32.27058218085092,2025-01-22 09:00:00
V002,80.48252644147883,94.0198253981543,96.79231352736473,2025-01-22 10:00:00
V005,115.9575031539407,90.87150115869494,21.259161025585023,2025-01-22 11:00:00
V002,77.4571108203223,82.60126982661681,50.01490942110725,2025-01-22 12:00:00
V004,83.25532385230449,112.7047781905477,21.90553830351266,2025-01-22 13:00:00
V001,67.63951511614593,84.28364521018682,88.22155673950031,2025-01-22 14:00:00
V001,39.79361485290843,85.378647635164,10.729577916688264,2025-01-22 15:00:00
V001,63.39729395869798,82.9653638099546,97.81110389627474,2025-01-22 16:00:00
V002,52.615877354191454,94.25561951228521,15.798842545892478,2025-01-22 17:00:00
V001,47.679920904883716,75.2360276089655,31.26575735940846,2025-01-22 18:00:00
V005,59.26547158254952,70.88907411665564,66.24608722016796,2025-01-22 19:00:00
V002,116.46220888554477,89.65876174662355,22.84938068724321,2025-01-22 20:00:00
V005,50.147509963644744,79.42256873865882,20.883550991906144,2025-01-22 21:00:00
V004,107.2534503542884,77.99468972741604,50.96930483059636,2025-01-22 22:00:00
V004,88.773058584847,83.53885578072789,29.72386556735889,2025-01-22 23:00:00
V004,82.3962401687706,111.05047402064014,43.318815462705736,2025-01-23 00:00:00
V005,98.90018134683912,80.33913148457913,36.07728842594669,2025-01-23 01:00:00
V001,105.7112736229679,87.93114652074293,44.67035271331125,2025-01-23 02:00:00
V001,57.66377748885388,78.95763051138806,30.76710945443924,2025-01-23 03:00:00
V005,105.83810120524556,95.46928821567849,86.95438116195673,2025-01-23 04:00:00
V001,117.25770423084998,75.84186238779718,12.858538569100634,2025-01-23 05:00:00
V002,113.90985407014975,112.42573842846517,49.72099992471427,2025-01-23 06:00:00
V001,59.88301779052266,73.23711548359566,43.688304223489766,2025-01-23 07:00:00
V002,38.44254168895777,83.01467963364202,20.31099660723134,2025-01-23 08:00:00
V001,55.8299598386528,107.5993634124334,83.00003260849684,2025-01-23 09:00:00
V002,38.530957852213085,74.73889960212415,16.082159139378103,2025-01-23 10:00:00
V004,72.10899457956586,116.39634537487612,40.28026565230556,2025-01-23 11:00:00
V003,70.15288355395847,107.38079648917571,32.67797926691064,2025-01-23 12:00:00
V003,45.28381126327693,106.81096103631232,10.813315159451557,2025-01-23 13:00:00
V003,91.04268946647986,99.86320353526958,79.13558868203744,2025-01-23 14:00:00
V005,44.63118245379687,73.40608200656807,95.54457467664173,2025-01-23 15:00:00
V002,31.91357365416774,89.26114366188564,44.77192711428112,2025-01-23 16:00:00
V002,49.711287110857214,85.3302690762982,49.868648045259285,2025-01-23 17:00:00
V003,113.21087419872579,76.76894281994547,29.048926807144486,2025-01-23 18:00:00
V003,103.82686365473982,99.63795337101243,14.784623484013395,2025-01-23 19:00:00
V003,55.31847988295047,108.37350740767879,63.32102531722557,2025-01-23 20:00:00
V005,91.92258369127,104.74377815494876,19.65999430399153,2025-01-23 21:00:00
V003,86.62659194940787,73.35494034212887,28.44878175423396,2025-01-23 22:00:00
V003,101.11759667465022,85.25859726724072,11.896128739384334,2025-01-23 23:00:00
V003,44.518786388937755,101.378065758126,12.896515530463585,2025-01-24 00:00:00
V005,61.58727681088793,91.5069247363982,97.95868843472256,2025-01-24 01:00:00
V004,47.25939317910779,83.05162999747682,83.55276852554441,2025-01-24 02:00:00
V001,77.54648889441128,111.54948484773945,91.40311277311451,2025-01-24 03:00:00
V005,74.92208465845023,100.12091461891723,40.620656285671345,2025-01-24 04:00:00
V004,82.69552070634684,84.11744209355945,60.910555719365995,2025-01-24 05:00:00
V003,101.82220271434406,118.05522098578231,71.02553869064181,2025-01-24 06:00:00
V005,48.51769892585854,111.42302966512051,25.916494354753986,2025-01-24 07:00:00
V002,77.89847244131255,94.12325804200889,51.73517536095309,2025-01-24 08:00:00
V005,70.03404606411375,117.01602588587384,43.06186469523991,2025-01-24 09:00:00
V004,33.500027068879696,104.8795891847259,89.079382175225,2025-01-24 10:00:00
V004,33.784332301252164,110.30183852424729,52.540224740131414,2025-01-24 11:00:00
V003,40.7558961404053,86.4310048593265,40.22131737922541,2025-01-24 12:00:00
V002,66.9163488232438,95.0994678879955,40.9145282135066,2025-01-24 13:00:00
V004,41.94660348442997,110.17662715799412,48.65407878397595,2025-01-24 14:00:00
V002,88.03313681354517,84.8878470828893,17.140019084359846,2025-01-24 15:00:00
V005,50.36468633363397,77.9866168144121,83.64964418447332,2025-01-24 16:00:00
V004,81.18958870545418,80.05729058267272,50.28208344009318,2025-01-24 17:00:00
V002,80.39910616738115,82.89272814889766,89.71289950478146,2025-01-24 18:00:00
V001,81.16192600659423,95.4367873661579,92.5467629034639,2025-01-24 19:00:00
V003,51.82390166986083,79.54547446386627,75.01370394391847,2025-01-24 20:00:00
V002,36.09089669793263,88.23495001980774,36.86928549547744,2025-01-24 21:00:00
V003,103.20886330967339,99.84923791124163,66.75784617200651,2025-01-24 22:00:00
V003,35.51508457784339,110.36874526950353,87.1821261475576,2025-01-24 23:00:00
V001,96.51803047299454,73.87144560050949,71.09387755782964,2025-01-25 00:00:00
V002,66.38054356909686,107.30571581076342,74.1116654392199,2025-01-25 01:00:00
V004,117.96024751952459,94.31360781953998,24.810688901553494,2025-01-25 02:00:00
V002,91.32477188316241,97.56805076630124,63.66627885692307,2025-01-25 03:00:00
V005,116.79464503593222,96.54486556742023,70.79435445322608,2025-01-25 04:00:00
V003,45.322915986850695,75.42180306014576,26.82720198049807,2025-01-25 05:00:00
V003,31.992293473933266,75.93388045810892,95.05000816511644,2025-01-25 06:00:00
V004,76.88233523927033,102.62724741682084,49.83668866530798,2025-01-25 07:00:00
V002,73.28722205895262,88.79617652179898,60.09595237742786,2025-01-25 08:00:00
V002,61.91737064493671,110.55583565951812,19.401983172472843,2025-01-25 09:00:00
V002,63.33868800555916,94.37596076479028,14.503541221058324,2025-01-25 10:00:00
V004,37.78573022976214,118.80282789920747,34.617543460927806,2025-01-25 11:00:00
V003,71.62709914102383,108.10936292908471,51.378304150042666,2025-01-25 12:00:00
V003,84.72772735331253,94.85367813516004,81.83263081909114,2025-01-25 13:00:00
V002,104.52372215386103,105.3799518454627,33.98726845596263,2025-01-25 14:00:00
V005,77.9406134376718,108.36130803931715,29.71421320401272,2025-01-25 15:00:00
V003,94.85095559096487,101.97872687645898,38.48191416794432,2025-01-25 16:00:00
V002,118.94015649705597,70.8898686474722,84.15645667497041,2025-01-25 17:00:00
V004,65.42526237877169,115.97496303523965,12.64646233855342,2025-01-25 18:00:00
V003,88.96334684166658,94.11613289405304,75.85584775778308,2025-01-25 19:00:00
V005,111.04721480579907,112.77194680690921,74.1763731003605,2025-01-25 20:00:00
V004,105.53276488323544,106.49745141406947,59.81668816382541,2025-01-25 21:00:00
V005,80.14055974213807,107.18797349341379,31.844779969040964,2025-01-25 22:00:00
V005,78.18062711488164,105.06110307521504,39.66637473524281,2025-01-25 23:00:00
V004,99.35181706169713,85.33758912501553,57.26490694039926,2025-01-26 00:00:00
V003,60.962432963545425,110.14122146696027,48.021179449633664,2025-01-26 01:00:00
V002,61.100304835460946,106.48817689761174,16.68591064602243,2025-01-26 02:00:00
V003,46.63301630572211,93.00937552106112,79.70128049792125,2025-01-26 03:00:00
V001,55.71801351836068,107.07556982506708,21.130699535368123,2025-01-26 04:00:00
V003,98.92219948465285,81.9190669438434,28.55876539815535,2025-01-26 05:00:00
V001,50.04538642776174,83.70627511226722,79.18400036030708,2025-01-26 06:00:00
V003,44.48519825335295,113.91813039905762,79.4270397204709,2025-01-26 07:00:00
V003,36.3847391196393,80.21710688646408,84.54242759258071,2025-01-26 08:00:00
V002,113.22110052585664,80.12937048752391,12.46540063542091,2025-01-26 09:00:00
V004,65.33109339417516,71.31346806709988,27.044526390853363,2025-01-26 10:00:00
V005,65.05416161254358,76.46795187894189,72.50612383535096,2025-01-26 11:00:00
V005,39.11617359564617,84.66794168034714,92.70116984997686,2025-01-26 12:00:00
V005,46.910636419145774,74.91667464129624,54.54600934560088,2025-01-26 13:00:00
V004,84.5885279177984,119.44230080995013,24.958625147679243,2025-01-26 14:00:00
V003,75.23307912575535,115.87796430951275,56.795243658088616,2025-01-26 15:00:00
V001,112.89219164019792,79.79034265419682,45.58395387993597,2025-01-26 16:00:00
V004,114.49277804704455,70.24832085240789,76.91057531201008,2025-01-26 17:00:00
V003,119.40950568342615,77.67918993932616,96.17112507264643,2025-01-26 18:00:00
V005,70.30115634076799,88.40977376058422,82.58984600656471,2025-01-26 19:00:00
V005,82.77775992195214,84.38800520632758,94.41831065487351,2025-01-26 20:00:00
V005,95.79709649877715,96.289680912139,86.14453222168663,2025-01-26 21:00:00
V004,71.36722439895675,93.6167592146453,84.04350409500348,2025-01-26 22:00:00
V005,66.80979090229968,92.79723216525036,55.444518542542525,2025-01-26 23:00:00
V005,67.84215430525833,103.94978897795951,87.75500469219536,2025-01-27 00:00:00
V001,108.02165548746892,79.21644722426765,40.14398984577163,2025-01-27 01:00:00
V004,118.21775076894666,113.72126757667743,34.89762657176196,2025-01-27 02:00:00
V005,59.832507932149966,78.14457699655895,11.053149269488983,2025-01-27 03:00:00
V002,35.368761405090105,85.34015128293268,54.7706116244028,2025-01-27 04:00:00
V005,71.94001294657639,70.20120169888926,58.6670473869755,2025-01-27 05:00:00
V001,75.5422905322624,111.88687336476005,49.276196613885986,2025-01-27 06:00:00
V005,60.58658614221223,108.13464212992595,21.36489109159526,2025-01-27 07:00:00
V003,113.38791107028932,113.57745739947507,22.41018889942257,2025-01-27 08:00:00
V003,78.7195520389378,110.9360219800202,26.415984103883986,2025-01-27 09:00:00
V001,71.12101886406934,98.6283461945777,16.025106345677315,2025-01-27 10:00:00
V003,84.20848302117832,75.76111380678935,76.5796656490243,2025-01-27 11:00:00
V003,38.33024782452903,73.84384801149871,19.90026968376005,2025-01-27 12:00:00
V004,118.43627066270854,115.96497606207544,30.810402449619218,2025-01-27 13:00:00
V002,96.21085003925938,90.7263148939145,77.59806001541067,2025-01-27 14:00:00
V001,95.11760470982928,101.19879408757166,50.694616017752445,2025-01-27 15:00:00
V003,30.644985828302854,119.50189367728663,56.31646655570119,2025-01-27 16:00:00
V003,116.5274532855527,113.26522090388517,60.693153719119806,2025-01-27 17:00:00
V001,61.199401899629436,77.44073334060349,34.32700149787859,2025-01-27 18:00:00
V004,33.39816955730775,117.35723869924342,87.1075177762657,2025-01-27 19:00:00
V001,96.4293424175923,116.88497708629453,19.836056209005797,2025-01-27 20:00:00
V004,42.662028796846165,70.35224921375551,44.26486022635356,2025-01-27 21:00:00
V001,49.77855480581663,70.93225901377593,57.84181295948104,2025-01-27 22:00:00
V001,41.266022415633856,86.91168500813754,50.068855327623574,2025-01-27 23:00:00
V003,35.81245678515934,70.82125333842026,33.56560891064433,2025-01-28 00:00:00
V005,34.820811982648195,114.32276953047328,78.21422600097428,2025-01-28 01:00:00
V003,49.27154098369395,78.05598778036136,73.57146362983532,2025-01-28 02:00:00
V001,38.69314198573565,76.6415632636946,64.15184713494936,2025-01-28 03:00:00
V003,58.22517258536388,107.63961935864714,94.14322230999532,2025-01-28 04:00:00
V002,84.76727827568865,107.75970021467182,27.123336314174605,2025-01-28 05:00:00
V002,41.22157710865921,87.87652293218783,58.6212496966454,2025-01-28 06:00:00
V001,59.760399896241864,95.72053941888596,80.64490923114346,2025-01-28 07:00:00
V002,105.92817937344655,82.29389975849023,52.91000958918542,2025-01-28 08:00:00
V005,119.59084101790192,95.39573477176569,36.19971124947477,2025-01-28 09:00:00
V002,105.58558442536805,91.22846097818292,35.453833598590165,2025-01-28 10:00:00
V001,69.78813741469779,115.1391018936655,91.09651548197735,2025-01-28 11:00:00
V002,90.1071114364962,77.11971621809593,54.3685812717023,2025-01-28 12:00:00
V004,92.54069423731221,92.12570184020869,51.14231261662298,2025-01-28 13:00:00
V004,82.35661290447504,103.27228338470866,62.76531831963306,2025-01-28 14:00:00
V002,66.78990829284731,77.04922243816944,63.869104596144425,2025-01-28 15:00:00
V005,116.50337093676606,78.01065419389275,86.52077809676308,2025-01-28 16:00:00
V004,111.06220481947366,89.7951850581674,36.262546935030585,2025-01-28 17:00:00
V003,77.44518983694084,114.72704589554425,38.39971226175893,2025-01-28 18:00:00
V005,94.82047589980874,72.8693828834858,24.16292241304174,2025-01-28 19:00:00
V003,48.64431774664229,80.52313902657706,74.66266734151965,2025-01-28 20:00:00
V005,67.86476860404139,113.61925120877439,13.45801763427817,2025-01-28 21:00:00
V004,42.84648118639991,119.84938749032827,94.19697581633852,2025-01-28 22:00:00
V004,114.67997672432014,91.60880845203833,60.6525066524026,2025-01-28 23:00:00
V003,45.091951857861204,80.63873130011905,72.66243644210266,2025-01-29 00:00:00
V005,64.3800900602026,116.45344841895792,18.184078704230203,2025-01-29 01:00:00
V004,59.69537518771659,112.08326363149854,27.7048830856987,2025-01-29 02:00:00
V001,71.83999652457555,107.45619894610621,85.84683683373714,2025-01-29 03:00:00
V003,68.02779731654044,109.84536617362608,25.26522527748584,2025-01-29 04:00:00
V003,99.54497879705568,100.12926429086971,82.37424474001254,2025-01-29 05:00:00
V005,35.71039251405143,90.4988225179853,25.299014244553135,2025-01-29 06:00:00
V003,56.50163672362876,111.77545550698275,56.68633449400081,2025-01-29 07:00:00
V005,75.42466409928427,75.60845700355995,91.51345440681759,2025-01-29 08:00:00
V003,98.09061912600941,77.87196461915954,74.46107761883837,2025-01-29 09:00:00
V001,38.898581986126175,103.78962060532152,15.55218650233213,2025-01-29 10:00:00
V005,50.97634788127853,110.0661778712518,45.71340891919842,2025-01-29 11:00:00
V001,96.1397387496481,81.4647168970667,64.5385942011647,2025-01-29 12:00:00
V004,69.73368491988163,76.98336585019524,89.25786068141034,2025-01-29 13:00:00
V001,117.32932964951637,115.29415314642665,37.995764044087245,2025-01-29 14:00:00
V003,58.91031775269133,118.15744845252391,82.81017883809777,2025-01-29 15:00:00
V003,57.78564051091169,95.25571081741143,25.92412553931682,2025-01-29 16:00:00
V001,110.13009479574625,98.92007238828185,63.09518281638415,2025-01-29 17:00:00
V005,104.93363021622206,97.16641970795376,50.80627538385856,2025-01-29 18:00:00
V005,38.322682770420904,92.64071351657495,50.580678916297,2025-01-29 19:00:00
V001,51.231190823526845,85.84823085937728,31.48240190635684,2025-01-29 20:00:00
V005,39.47784282158296,101.63444865738153,34.66951745182272,2025-01-29 21:00:00
V001,48.01550688348699,99.15786438877839,97.73951634352451,2025-01-29 22:00:00
V003,117.16868666899849,95.1977262384784,87.56645579394329,2025-01-29 23:00:00
V003,93.91972840791311,81.9478995957868,17.31133748742544,2025-01-30 00:00:00
V003,92.58058880145896,113.47848113296291,92.39113909309471,2025-01-30 01:00:00
V001,88.70831050774504,89.4046959363366,92.4172059386256,2025-01-30 02:00:00
V004,90.64330177277509,119.42461986932881,21.014037044882723,2025-01-30 03:00:00
V005,59.62437288868297,119.22534030318684,98.45980274127054,2025-01-30 04:00:00
V005,59.08433256760918,91.59367254587794,50.889075473342295,2025-01-30 05:00:00
V001,30.69071725973304,84.60117614947156,85.76960665998075,2025-01-30 06:00:00
V001,35.65939126650292,91.91937627890209,39.1634411051365,2025-01-30 07:00:00
V005,35.63925483154237,118.90519943928206,89.98172379046397,2025-01-30 08:00:00
V005,55.89688249612888,90.53069835392496,98.40130792683034,2025-01-30 09:00:00
V002,74.60864136705189,79.29830939981393,29.88527168374079,2025-01-30 10:00:00
V003,43.57100950188642,91.34225921090376,88.118698136968,2025-01-30 11:00:00
V002,55.39720855166951,109.75248365249608,40.30723864987739,2025-01-30 12:00:00
V005,112.96528622781916,74.4895457488989,18.458243086613443,2025-01-30 13:00:00
V004,111.76379627909088,72.1623462902768,14.451351729475537,2025-01-30 14:00:00
V005,87.02149346675279,76.12147743106205,72.67818384624961,2025-01-30 15:00:00
V002,58.20401232267977,88.41935105519734,18.46552862085509,2025-01-30 16:00:00
V005,42.79002415617902,99.54770684173228,16.777118861700266,2025-01-30 17:00:00
V005,43.119100970259176,79.59059395915197,52.62634585347798,2025-01-30 18:00:00
V002,106.39997233345336,116.37110624824248,17.01178659513975,2025-01-30 19:00:00
V003,107.17416841162945,79.67444462585748,21.0395884091936,2025-01-30 20:00:00
V001,87.36852416994151,70.59419811086042,15.594505145161566,2025-01-30 21:00:00
V003,92.44219711016655,116.5509523711992,11.407653111451616,2025-01-30 22:00:00
V003,115.2096157013386,112.00650319227344,91.45659639493944,2025-01-30 23:00:00
V003,103.61437555786644,90.22272911233809,14.450335595091182,2025-01-31 00:00:00
V001,69.13206056776448,85.9273727064073,27.528726926475574,2025-01-31 01:00:00
V004,115.99882088746531,107.90790839595239,19.01094508522828,2025-01-31 02:00:00
V005,91.53159695860109,103.51795446220845,45.85851885754542,2025-01-31 03:00:00
V002,104.08784325990568,100.50323842707544,99.83776339746225,2025-01-31 04:00:00
V002,76.86147097886584,110.3712944308449,30.797584518941342,2025-01-31 05:00:00
V004,89.09570524437201,89.97191287722903,79.87769041252344,2025-01-31 06:00:00
V002,76.028014509582,91.24827428415605,84.92708299931432,2025-01-31 07:00:00
V002,72.48816624828851,79.97537456793924,87.19241296443148,2025-01-31 08:00:00
V001,75.0487197848374,80.7089016238888,86.75369332820844,2025-01-31 09:00:00
V003,95.83816190985735,118.02770212733063,30.08021672003648,2025-01-31 10:00:00
V001,39.87645777566483,103.82278294673858,97.79957685140552,2025-01-31 11:00:00
V002,46.10001122152752,117.35242347040727,51.99859236830929,2025-01-31 12:00:00
V002,50.53849096583856,82.11944666195323,98.05562488670225,2025-01-31 13:00:00
V005,111.35386239377746,77.55107487410457,95.70828974175488,2025-01-31 14:00:00
V002,111.52182714424983,91.83027341138735,19.60227220913042,2025-01-31 15:00:00
V003,59.20650942639177,79.45712061083022,71.02327996697008,2025-01-31 16:00:00
V001,46.36157778375247,72.49529026045673,14.353189977249023,2025-01-31 17:00:00
V001,96.16515005477406,74.83815869104541,78.69880174768126,2025-01-31 18:00:00
V004,55.966143916865605,92.80657563672071,97.72715292437748,2025-01-31 19:00:00
V002,108.06719328575706,96.42061287434055,75.0070882954192,2025-01-31 20:00:00
V001,66.75796473461035,87.02811272132377,72.00754111557407,2025-01-31 21:00:00
V001,113.51852487195042,88.03201651537628,41.80113736297402,2025-01-31 22:00:00
V005,43.92719844371012,112.72378558258517,62.639514434103,2025-01-31 23:00:00
V002,89.22680450099816,72.27746376239232,93.75014495495888,2025-02-01 00:00:00
V005,96.00855142304984,85.02159794154655,43.08715670789514,2025-02-01 01:00:00
V004,117.53210024079254,102.72829640712877,29.152533190665928,2025-02-01 02:00:00
V003,38.26244360537958,98.29589929987812,33.50774616488285,2025-02-01 03:00:00
V004,115.04343977985079,70.21288491249634,41.55411852664964,2025-02-01 04:00:00
V004,90.34212599468182,86.74245779819759,39.532250660183735,2025-02-01 05:00:00
V005,112.77388231999844,102.18730284861061,57.76333897982268,2025-02-01 06:00:00
V002,82.54314541193145,116.64118796584097,43.28738518697095,2025-02-01 07:00:00
V001,108.85486051313542,76.877001106641,68.82899699409187,2025-02-01 08:00:00
V003,105.77139622186682,76.1948316982652,26.296810832347447,2025-02-01 09:00:00
V003,64.3422112737749,79.02195202269635,54.147175785373285,2025-02-01 10:00:00
V005,80.50093735654988,97.8215127129067,42.409173069033734,2025-02-01 11:00:00
V003,107.71898362916842,105.22766572524597,44.34030420028851,2025-02-01 12:00:00
V001,49.50923067833095,110.0389552374396,53.31432407537246,2025-02-01 13:00:00
V001,50.415918443072684,89.22858862928501,30.695261070572577,2025-02-01 14:00:00
V003,39.77102871607633,79.9555769129172,74.82080708337088,2025-02-01 15:00:00
V001,37.929378335171705,84.75646886918146,22.000635121828118,2025-02-01 16:00:00
V002,80.06328384602683,78.73878869609894,59.24934711561742,2025-02-01 17:00:00
V003,54.2007830317593,76.86933826285434,21.250346510046086,2025-02-01 18:00:00
V001,52.61063699692206,115.52003023456942,80.72821246879518,2025-02-01 19:00:00
V001,71.71812202938244,103.5361999958397,69.97320844968209,2025-02-01 20:00:00
V003,84.49906545015702,80.96652255518619,32.32749850643634,2025-02-01 21:00:00
V004,56.073213808391415,103.90802130758124,58.56764992594853,2025-02-01 22:00:00
V003,85.2214985426609,106.13022316773038,80.14642699281757,2025-02-01 23:00:00
V002,38.09187148060836,72.78546477716702,85.77640742555845,2025-02-02 00:00:00
V004,117.71202894042658,97.67242453124591,51.67188785311695,2025-02-02 01:00:00
V003,45.340837829308285,80.49391791372503,22.26091411717195,2025-02-02 02:00:00
V005,51.45021747780099,82.3785067684843,72.42900138337622,2025-02-02 03:00:00
V001,45.14410689814822,111.36860002031392,26.517758546200486,2025-02-02 04:00:00
V005,41.615067383349825,72.12778869645297,15.366717427296942,2025-02-02 05:00:00
V004,75.19947620239986,93.97540504308594,49.05702031343984,2025-02-02 06:00:00
V005,33.855063333622425,70.06130722836025,14.795897500293513,2025-02-02 07:00:00
V002,42.09459080629891,74.45957290436802,36.117246112838394,2025-02-02 08:00:00
V003,96.47012280930193,111.17916818331659,12.757690426562089,2025-02-02 09:00:00
V004,58.01464936344346,100.98458989121507,92.13818052542825,2025-02-02 10:00:00
V001,87.20558319914971,76.41838126257787,97.39616615093608,2025-02-02 11:00:00
V004,112.46619951945978,95.65579228937241,24.85450719410052,2025-02-02 12:00:00
V002,117.23383087536307,104.77099411053479,52.19639829705513,2025-02-02 13:00:00
V002,87.81687773331356,100.2830970083154,15.094532260754349,2025-02-02 14:00:00
V004,37.36552758084602,70.02270102957766,89.74642683131727,2025-02-02 15:00:00
V005,45.10719221806802,95.75207981559927,84.86138700982711,2025-02-02 16:00:00
V004,67.94304512591602,89.43971215076313,71.80529961497037,2025-02-02 17:00:00
V001,63.58909947045028,82.82906403987033,87.27064068874881,2025-02-02 18:00:00
V005,100.86108279205486,118.86802738267572,72.44324531879465,2025-02-02 19:00:00
V004,87.6287436227458,85.64304616491842,99.45951449317175,2025-02-02 20:00:00
V002,86.59864961270792,119.91784460381524,24.940488177544132,2025-02-02 21:00:00
V002,60.1198838730715,106.18516454150068,88.10168398221086,2025-02-02 22:00:00
V002,67.79602451195797,73.7297464725849,91.18931518221805,2025-02-02 23:00:00
V003,53.24686044236827,84.90521073741863,55.21472619357174,2025-02-03 00:00:00
V001,114.9056148093031,99.12236253314748,26.366378338433506,2025-02-03 01:00:00
V003,92.682152059451,94.76466464336787,22.213211374127535,2025-02-03 02:00:00
V003,39.45404984822981,78.63516567419552,71.20538018603867,2025-02-03 03:00:00
V004,82.8893041075997,93.76909888627759,86.31699660740283,2025-02-03 04:00:00
V004,85.52346513998496,96.21830576260285,61.45043841272847,2025-02-03 05:00:00
V001,102.47543015381271,85.71320701198525,97.41269604837699,2025-02-03 06:00:00
V004,56.54325889944279,97.44277973471254,16.231380659820818,2025-02-03 07:00:00
V004,110.80697579518612,100.37604471755213,54.43345478484646,2025-02-03 08:00:00
V005,69.9725772477478,110.69241661275595,41.60607494265211,2025-02-03 09:00:00
V002,98.63988330437141,78.54156075999997,18.713281903176778,2025-02-03 10:00:00
V003,40.16413099030575,86.29500199072905,21.15435170866706,2025-02-03 11:00:00
V005,112.37901159394795,89.96849426657326,55.312562857740055,2025-02-03 12:00:00
V005,74.91175535294866,94.54945540229845,84.11094940846742,2025-02-03 13:00:00
V001,99.05453532698237,91.76114959446903,17.29633768647314,2025-02-03 14:00:00
V002,101.86792626464425,78.453291665293,42.077201647977816,2025-02-03 15:00:00
V001,31.054319973489665,82.0391453240451,29.32901373490581,2025-02-03 16:00:00
V001,45.18753048345016,96.8493023213382,90.89565556801108,2025-02-03 17:00:00
V001,61.54168271885914,100.63722924049115,82.96741707545044,2025-02-03 18:00:00
V005,72.38972137063433,70.48169875600614,33.91370602724656,2025-02-03 19:00:00
V004,91.99904498148904,71.790587806801,48.665601346584246,2025-02-03 20:00:00
V005,67.82744198065546,97.61624938908643,58.79888437205542,2025-02-03 21:00:00
V001,96.76305196596665,88.16292572296823,37.34396077501421,2025-02-03 22:00:00
V002,86.45322051506803,80.60319556115155,83.84090934277242,2025-02-03 23:00:00
V005,59.618379675174,81.42984223789348,60.16015301089209,2025-02-04 00:00:00
V004,30.108076976794248,109.97755597210843,10.809245026201523,2025-02-04 01:00:00
V001,89.90357922538291,116.76838995422897,80.32095200733411,2025-02-04 02:00:00
V004,75.29628859774672,108.73635195468697,26.48080295527377,2025-02-04 03:00:00
V002,103.71258561592033,102.49990247240378,14.0030614892849,2025-02-04 04:00:00
V005,50.496559344164936,71.72931693081051,55.24619101661115,2025-02-04 05:00:00
V002,94.18333261777147,87.33896542420315,36.79994974310043,2025-02-04 06:00:00
V003,118.56517522169345,74.45623073024639,59.088394216742195,2025-02-04 07:00:00
V005,59.83379157783336,81.23332643311251,18.03390065818912,2025-02-04 08:00:00
V003,89.98659666410919,74.59360646367836,73.38022952782535,2025-02-04 09:00:00
V003,69.5621770537476,109.30843355632169,79.65070785407885,2025-02-04 10:00:00
V002,69.63283398937313,81.30460340139194,81.61381276401933,2025-02-04 11:00:00
V003,45.29944351192162,87.62694645614164,98.6353920148461,2025-02-04 12:00:00
V002,106.91855925857587,112.21048003272756,32.95201353959324,2025-02-04 13:00:00
V004,47.166897089159605,80.95141044902871,47.58017978028569,2025-02-04 14:00:00
V002,100.05999711944312,106.64741863057495,71.13450858364965,2025-02-04 15:00:00
V003,57.56966588353589,73.94506204871739,61.14090307915259,2025-02-04 16:00:00
V001,61.57424353277794,110.30878409782662,82.54461103462287,2025-02-04 17:00:00
V003,111.24862142579693,108.26550025984795,86.15751457372588,2025-02-04 18:00:00
V003,51.00993962296073,94.71323725109048,45.918319793938245,2025-02-04 19:00:00
V002,83.53418846899902,108.62105022762368,37.2922276803549,2025-02-04 20:00:00
V003,35.27192038460008,99.27442019951785,29.179961003275654,2025-02-04 21:00:00
V005,61.48115197174124,82.01969390338662,62.6144391031482,2025-02-04 22:00:00
V003,40.54311919660414,94.77364746996454,23.213228544537646,2025-02-04 23:00:00
V002,98.46738531974397,79.10082173244298,71.32753674218121,2025-02-05 00:00:00
V005,50.29769188063694,114.89163892814234,78.87045388149389,2025-02-05 01:00:00
V001,84.9468310655621,76.00914620340781,43.18502022012366,2025-02-05 02:00:00
V001,118.49949848861678,111.12698812359999,11.20154149069116,2025-02-05 03:00:00
V001,79.04718923943521,81.31361884249837,87.99482373310106,2025-02-05 04:00:00
V004,57.88049998795401,84.1918057529525,58.68301083684256,2025-02-05 05:00:00
V001,33.22558551768688,89.4096200588092,73.45174268403619,2025-02-05 06:00:00
V005,91.84665248461769,95.11152749437171,11.090422960048981,2025-02-05 07:00:00
V002,31.71685820563349,92.64009725835373,45.87239343843678,2025-02-05 08:00:00
V005,117.89104909053398,71.98759580015813,64.66189575197022,2025-02-05 09:00:00
V002,79.53079324580605,85.08524896944772,58.83226185977123,2025-02-05 10:00:00
V002,74.08998160875645,71.65053752755456,63.123844447470866,2025-02-05 11:00:00
V004,40.36728760696898,85.99120371968306,25.781946810719194,2025-02-05 12:00:00
V003,73.25669240742812,115.33218497116366,16.515961890777415,2025-02-05 13:00:00
V003,51.068914279567956,90.0000019889766,79.45470078207543,2025-02-05 14:00:00
V001,46.739617821692875,93.07686099385619,76.29127690835365,2025-02-05 15:00:00
V001,80.49448467283389,70.74631618116783,33.23269616766174,2025-02-05 16:00:00
V005,83.53714773646082,87.53996910380378,40.36514336813836,2025-02-05 17:00:00
V002,101.02091488403612,84.73173980467527,29.264236196900992,2025-02-05 18:00:00
V004,102.83621099731458,94.5316005575005,87.64115218558815,2025-02-05 19:00:00
V001,107.28694520418932,116.01926342962106,67.86916936255902,2025-02-05 20:00:00
V004,108.91916563335853,74.56776302323306,88.73514538052163,2025-02-05 21:00:00
V001,95.42081362989492,73.26134218596228,22.453209031050854,2025-02-05 22:00:00
V003,87.6422862140103,116.30233202084978,39.95363841482055,2025-02-05 23:00:00
V002,70.13715073813442,94.45794068634058,36.47561611465259,2025-02-06 00:00:00
V001,66.70131510229126,110.27635369162448,60.19522852763538,2025-02-06 01:00:00
V002,54.53436235676734,109.15782640534974,99.78312576600105,2025-02-06 02:00:00
V004,96.8170606839298,100.46134989873025,30.573277716377252,2025-02-06 03:00:00
V002,33.231273526334704,75.16431283449857,81.61714589762168,2025-02-06 04:00:00
V002,95.18503767897356,87.57206268858621,83.12303673763788,2025-02-06 05:00:00
V005,116.84805582870719,96.74139864737168,51.86125460344719,2025-02-06 06:00:00
V003,36.529367605526964,80.46927819836503,31.208614650140614,2025-02-06 07:00:00
V002,110.30940530642064,87.03488905164693,98.70893676325016,2025-02-06 08:00:00
V005,64.92817240402769,103.95362825813326,96.58206275554917,2025-02-06 09:00:00
V003,116.68645759909627,89.50465556240167,30.046779382381132,2025-02-06 10:00:00
V002,70.31968440258072,92.26261403507968,26.400289697886457,2025-02-06 11:00:00
V002,113.60938771274796,70.99507354234757,84.57279344899496,2025-02-06 12:00:00
V001,112.89780767624616,107.16815713906242,18.584215018073238,2025-02-06 13:00:00
V002,85.41017330594231,95.14143901963494,38.01274154142594,2025-02-06 14:00:00
V002,105.64310215009905,93.44968091783969,79.7795602726961,2025-02-06 15:00:00
V001,89.30511197041847,84.3894138062051,63.60849435943995,2025-02-06 16:00:00
V005,106.52393163128784,71.57129796679614,61.98394498033807,2025-02-06 17:00:00
V003,118.37838428980677,100.08090430647499,67.87049731110417,2025-02-06 18:00:00
V003,65.00302498417818,77.44538086348369,76.80241292604508,2025-02-06 19:00:00
V004,105.58077479815262,117.3105492799186,60.86825581907708,2025-02-06 20:00:00
V003,87.06679407075114,85.19098240948264,42.98619616242655,2025-02-06 21:00:00
V002,118.02354400984105,106.83095237145086,23.54025813808738,2025-02-06 22:00:00
V001,98.1701110881013,105.72518567908307,13.98009139257988,2025-02-06 23:00:00
V003,33.30710808814017,100.31580630835853,70.81808083634476,2025-02-07 00:00:00
V003,81.91928460227803,80.55388279745269,35.96929908677828,2025-02-07 01:00:00
V001,70.34118293027691,90.30806893746427,79.08186053721465,2025-02-07 02:00:00
V002,58.462246652604065,109.18990929442498,78.94509197506203,2025-02-07 03:00:00
V002,74.86983000504652,92.80755382608925,27.539416055523176,2025-02-07 04:00:00
V001,110.23803271761896,87.7117556912989,70.14982869878449,2025-02-07 05:00:00
V003,98.61602398152685,117.9034257816731,70.56663819142511,2025-02-07 06:00:00
V002,41.00509987647197,90.86801542449209,10.98888119397158,2025-02-07 07:00:00
V003,51.273534030603464,74.46444165088482,68.78853113658822,2025-02-07 08:00:00
V004,33.71274122294188,78.45014390456625,53.37112674728401,2025-02-07 09:00:00
V001,30.7958515738963,117.17537297763047,13.503864992700073,2025-02-07 10:00:00
V001,41.42623112851819,114.27513910508645,76.16015212803266,2025-02-07 11:00:00
V005,113.19852154779865,105.30205551480275,24.244904240001926,2025-02-07 12:00:00
V001,105.06961988663645,112.71769145669923,58.75406732780491,2025-02-07 13:00:00
V004,104.63344797515224,116.31760422176983,23.200347930530782,2025-02-07 14:00:00
V001,91.12992013104913,94.85027901820958,78.1203824789935,2025-02-07 15:00:00
V002,100.84123062758492,106.97863876051395,94.45879216636158,2025-02-07 16:00:00
V005,40.818931340248696,90.71554079650582,80.7642467161413,2025-02-07 17:00:00
V004,107.83052898264015,96.94730914555097,25.637114531711127,2025-02-07 18:00:00
V002,79.52323045126957,99.1992463560355,25.563911224362183,2025-02-07 19:00:00
V004,84.97936330189492,86.83800641894935,27.979750039312716,2025-02-07 20:00:00
V001,42.047701636432606,108.19051353372737,60.36896694115353,2025-02-07 21:00:00
V003,75.77709354072852,85.33838179591375,98.14158207110415,2025-02-07 22:00:00
V004,39.01187747992786,111.5953514038658,53.87560116135141,2025-02-07 23:00:00
V001,90.99435210290412,95.76701624108428,67.33943232548827,2025-02-08 00:00:00
V005,44.95135693050214,84.86712174637154,43.49221820874761,2025-02-08 01:00:00
V005,91.16862299629432,74.46751179562769,55.69823298306674,2025-02-08 02:00:00
V003,39.343889606632,104.10919603968449,77.32579422201385,2025-02-08 03:00:00
V002,77.55498683997804,114.45818336359139,87.96671910880693,2025-02-08 04:00:00
V004,104.27595208522273,100.93004518254976,83.97814044610244,2025-02-08 05:00:00
V004,88.52828015769214,76.50207508383014,51.87662071785321,2025-02-08 06:00:00
V005,112.27194017764423,94.25804849039228,97.68623056744111,2025-02-08 07:00:00
V005,85.09995775077633,73.59600838758809,64.0214863633328,2025-02-08 08:00:00
V002,57.49754728310573,91.626118516123,26.919843606510646,2025-02-08 09:00:00
V005,115.44359635392377,91.58806707548761,54.48398512247644,2025-02-08 10:00:00
V002,34.552127961034394,79.71043484598124,30.199532990807434,2025-02-08 11:00:00
V002,100.39348050932342,115.32128158968894,11.214214339787528,2025-02-08 12:00:00
V001,59.02941058265121,85.97395211710675,63.86057551242715,2025-02-08 13:00:00
V002,88.79560397550824,75.37950990282367,44.92368719835064,2025-02-08 14:00:00
V004,82.43098854273768,93.62090468906132,59.701257800534314,2025-02-08 15:00:00
V005,53.21730632571099,92.67325814291475,89.14598514257877,2025-02-08 16:00:00
V004,80.41679553323698,104.87526681124822,69.91027185971825,2025-02-08 17:00:00
V004,59.813116498748414,114.6336902105406,44.02199017351248,2025-02-08 18:00:00
V003,105.22512545988342,73.7762982273222,78.41384282204041,2025-02-08 19:00:00
V002,67.95999766242002,75.58434416810425,70.02995339997955,2025-02-08 20:00:00
V004,81.13232759859372,105.88529154028745,93.78244463694995,2025-02-08 21:00:00
V002,104.26085048276234,87.12696180634984,69.6635476113945,2025-02-08 22:00:00
V003,45.39915585275236,95.0834276309908,71.70680802691535,2025-02-08 23:00:00
V002,43.70810944400446,88.15361553166045,63.89583695172056,2025-02-09 00:00:00
V004,61.67325171629212,109.54333999158781,22.122616845255394,2025-02-09 01:00:00
V005,116.56399238266278,96.47930739728572,93.66382167719597,2025-02-09 02:00:00
V001,93.07695673972381,114.99012949806567,78.7570672601383,2025-02-09 03:00:00
V004,73.43459772914034,117.88795002252311,36.14831032847121,2025-02-09 04:00:00
V004,98.93003884425428,85.26893285780098,79.66694861389274,2025-02-09 05:00:00
V003,82.42445784782981,105.6480205737063,83.60283295023527,2025-02-09 06:00:00
V002,99.45134275610465,74.20312928083752,63.364800894619734,2025-02-09 07:00:00
V002,46.47914004619218,117.8179763707839,92.46842932442566,2025-02-09 08:00:00
V004,108.34498303357366,81.33821762343734,73.98241122061727,2025-02-09 09:00:00
V004,31.426019474489312,79.92365225322885,96.89843140651654,2025-02-09 10:00:00
V001,69.29111854197492,78.19547457558035,46.017877298203,2025-02-09 11:00:00
V003,119.22419051085267,93.14673584939673,94.40287900556628,2025-02-09 12:00:00
V001,46.77724692257441,95.86298645090409,53.50194176163149,2025-02-09 13:00:00
V005,90.80227914563841,87.66233669424902,24.627616184187815,2025-02-09 14:00:00
V001,38.05259399068164,119.70798767663004,68.35190060783532,2025-02-09 15:00:00
V002,94.38694541798178,92.94735402974706,37.59629254912865,2025-02-09 16:00:00
V005,66.05991816852065,84.14412184481068,58.10075028572066,2025-02-09 17:00:00
V001,81.39779385351093,117.93115178117297,38.01266902913392,2025-02-09 18:00:00
V002,42.77067182210414,117.78434237049251,45.82197811836609,2025-02-09 19:00:00
V003,54.08688628178335,70.0466828594684,34.60712960433928,2025-02-09 20:00:00
V004,32.004116008936705,88.30105505612424,42.73742633015497,2025-02-09 21:00:00
V004,107.82522542202365,99.67521884808993,21.98879788502171,2025-02-09 22:00:00
V001,48.165272141479704,77.21840448367209,27.48772897514817,2025-02-09 23:00:00
V004,85.72025873751386,79.8076583819194,80.99246926350824,2025-02-10 00:00:00
V004,67.9103190512974,92.42823458114289,17.180419972111075,2025-02-10 01:00:00
V004,66.1128862490954,93.25845764738447,33.69254702916814,2025-02-10 02:00:00
V001,101.85584934253717,90.38026576358882,87.14276863169962,2025-02-10 03:00:00
V004,100.50290193860306,98.91217190733921,40.745061414592286,2025-02-10 04:00:00
V003,98.4939046867778,99.86684280623285,86.29489344811945,2025-02-10 05:00:00
V004,50.70767722467675,93.36551407502193,80.59162482592491,2025-02-10 06:00:00
V004,105.86424663301267,100.73886295835696,97.41728711862608,2025-02-10 07:00:00
V001,61.562251093588,86.06867231059748,39.272950446860435,2025-02-10 08:00:00
V004,105.54821774616359,88.18710338348744,71.99925188954262,2025-02-10 09:00:00
V001,52.07705131040866,86.01662943692365,33.09565370379306,2025-02-10 10:00:00
V003,70.93712971044395,83.75778085226409,17.71417901888806,2025-02-10 11:00:00
V003,85.11593184940727,114.22964395225347,72.5002849245398,2025-02-10 12:00:00
V001,111.37477384278625,71.57774051853401,81.96574885650558,2025-02-10 13:00:00
V002,83.42207373191172,109.39723873429878,49.01791156275732,2025-02-10 14:00:00
V001,78.88181607899443,96.03223499019738,74.76290152416445,2025-02-10 15:00:00
V005,116.10676765830607,99.09026137301447,38.27595674951342,2025-02-10 16:00:00
V002,51.76771609573619,95.11005583770933,76.63179288638183,2025-02-10 17:00:00
V002,62.61100971141529,117.97593167892005,79.40693160462912,2025-02-10 18:00:00
V005,85.99734213146331,70.5935491144029,84.70821377074658,2025-02-10 19:00:00
V001,100.22624790525957,82.95915066033464,36.45038225182733,2025-02-10 20:00:00
V003,34.8368464266842,114.9149819281211,96.71626307084678,2025-02-10 21:00:00
V003,68.11160908226591,89.11099684246511,77.90521772560314,2025-02-10 22:00:00
V001,74.18387258868441,70.76619737232343,40.371453279032984,2025-02-10 23:00:00
V003,95.10721073549774,86.80379182007317,25.76323114076325,2025-02-11 00:00:00
V002,41.48191325157336,110.63740578189979,10.351705731916088,2025-02-11 01:00:00
V005,114.0109016336538,83.70781215354985,31.956345339128106,2025-02-11 02:00:00
V003,49.80496960036726,92.67713971272237,50.41207070977657,2025-02-11 03:00:00
V005,54.08549822555951,80.52937428346928,38.534002376056314,2025-02-11 04:00:00
V001,97.31828811755607,86.90357681825462,59.63944281699746,2025-02-11 05:00:00
V002,93.81154584440702,90.701103144764,31.561202745609425,2025-02-11 06:00:00
V001,93.18953802693048,90.59735389060396,98.26494559463947,2025-02-11 07:00:00
V005,34.098624653839614,76.85356762204349,74.51791785704344,2025-02-11 08:00:00
V004,61.744862316683964,104.58510129462533,93.97341832756405,2025-02-11 09:00:00
V004,102.29876114140895,84.56744653319289,41.913699368561794,2025-02-11 10:00:00
V002,105.67022906356583,72.38738935526693,48.20714861891044,2025-02-11 11:00:00
V003,105.86813142943613,114.72521677690649,90.03726918906109,2025-02-11 12:00:00
V003,115.67441660241393,80.59118723488793,51.829381351056334,2025-02-11 13:00:00
V004,74.74394127519639,108.92255645204133,11.749319447007814,2025-02-11 14:00:00
V001,83.36832589787738,97.1993916746641,73.45813149481272,2025-02-11 15:00:00
